feature,importance
group_mean,0.6549697192347432
yearsExperience,0.18571410777243558
milesFromMetropolis,0.12865333265422677
group_median,0.02376782080083535
group_min,0.00546086366966697
group_std,0.0012448172502553913
group_max,0.0001579821488788362
jobType,1.2640599853906214e-05
major,9.437157453160752e-06
degree,4.970831203614751e-06
industry,4.307880447193052e-06
